timestamp_us,mpu_ax,mpu_ay,mpu_az,mpu_gx,mpu_gy,mpu_gz,adxl_x,adxl_y,adxl_z,altitude
161654532,3867,1018,-209,-437,-973,-487,9,-19,-9,376.96732
161659532,3907,1012,-241,-391,-936,-462,9,-19,-9,376.9381
161667532,3941,1041,-287,-300,-817,-427,11,-21,-9,376.82602
161669532,3941,1041,-287,-300,-817,-427,11,-21,-9,376.82602
161674532,3918,1061,-235,-260,-754,-426,11,-21,-9,376.87918
161679532,3899,1084,-216,-230,-711,-430,11,-21,-9,376.9042
161684532,3919,1127,-250,-214,-688,-448,11,-21,-9,376.90005
161689532,3940,1149,-247,-197,-666,-471,10,-17,-10,376.9329
161694532,3897,1156,-236,-182,-632,-500,10,-17,-10,377.0351
161699532,3815,1152,-165,-166,-610,-531,10,-17,-9,377.142
161704532,3720,1202,-97,-157,-639,-564,10,-17,-9,377.19986
161709532,3727,1237,-91,-155,-716,-597,12,-19,-9,377.27234
161714532,3729,1242,-122,-142,-793,-629,12,-19,-9,377.25357
161719532,3753,1264,-170,-121,-862,-661,14,-21,-10,377.2442
161724532,3736,1314,-265,-92,-917,-683,14,-21,-10,377.2588
161729532,3745,1374,-284,-55,-984,-702,12,-20,-10,377.26035
161734532,3753,1451,-374,-14,-1059,-712,12,-20,-10,377.26974
161739532,3707,1505,-438,31,-1128,-719,12,-19,-9,377.28644
161744532,3736,1543,-525,87,-1180,-732,12,-19,-9,377.29843
161749532,3772,1612,-641,135,-1209,-744,12,-22,-8,377.29425
161754532,3747,1640,-723,184,-1200,-756,12,-22,-8,377.30103
161759532,3715,1676,-812,235,-1154,-770,14,-22,-12,377.3266
161767532,3608,1676,-888,315,-1033,-788,14,-22,-12,377.32086
161769532,3608,1676,-888,315,-1033,-788,13,-17,-12,377.29007
161774532,3567,1693,-942,343,-974,-796,13,-17,-12,377.26193
161779532,3553,1733,-919,368,-920,-804,13,-19,-14,377.19986
161784532,3572,1770,-930,383,-866,-812,13,-19,-14,377.20667
161789532,3571,1797,-928,399,-806,-826,13,-16,-12,377.24316
161794532,3536,1818,-877,407,-744,-841,13,-16,-12,377.2682
161799532,3512,1844,-811,421,-690,-866,15,-18,-11,377.28903
161804532,3474,1871,-726,434,-658,-890,15,-18,-11,377.32086
161809532,3439,1904,-652,433,-659,-911,15,-18,-10,377.3563
161814532,3429,1970,-615,436,-695,-929,15,-19,-10,377.32816
161819532,3441,2025,-619,444,-742,-947,15,-19,-10,377.31824
161824532,3387,2068,-598,454,-802,-953,14,-18,-12,377.33337
161829532,3373,2051,-599,465,-868,-952,14,-18,-12,377.34015
161834532,3326,2067,-603,480,-942,-936,18,-18,-9,377.3323
161839532,3269,2087,-585,498,-1029,-910,18,-18,-9,377.28903
161844532,3297,2087,-695,512,-1105,-876,17,-16,-14,377.25357
161849532,3290,2107,-762,523,-1161,-829,17,-16,-14,377.2249
161854532,3264,2092,-879,547,-1207,-776,13,-14,-11,377.18527
161859532,3268,2101,-938,556,-1241,-710,13,-14,-11,377.1498
161867532,3308,2076,-1222,578,-1269,-564,15,-17,-12,377.16858
161869532,3308,2076,-1222,578,-1269,-564,15,-17,-12,377.1498
161874532,3349,2041,-1315,576,-1244,-481,16,-19,-15,377.16962
161879532,3367,2012,-1361,573,-1204,-401,16,-19,-15,377.14722
161884532,3365,2004,-1408,558,-1156,-328,16,-17,-14,377.15244
161889532,3384,1988,-1443,539,-1108,-263,16,-17,-14,377.15244
161894532,3419,1944,-1448,513,-1066,-218,13,-18,-16,377.16962
161899532,3467,1912,-1488,479,-1032,-188,13,-18,-16,377.2223
161904532,3517,1920,-1518,446,-989,-172,15,-19,-14,377.26715
161909532,3514,1894,-1466,401,-930,-173,15,-19,-14,377.27966
161914532,3455,1871,-1447,359,-888,-186,14,-20,-18,377.3297
161919532,3456,1846,-1407,307,-875,-213,14,-20,-18,377.34692
161924532,3451,1833,-1375,262,-875,-249,15,-18,-15,377.34015
161929532,3481,1829,-1406,213,-885,-290,15,-18,-15,377.35214
161934532,3481,1873,-1405,165,-875,-331,16,-19,-16,377.3323
161939532,3462,1894,-1435,125,-848,-378,16,-19,-16,377.29947
161944532,3482,1856,-1459,86,-817,-422,16,-17,-16,377.27966
161949532,3466,1868,-1442,55,-789,-462,15,-17,-16,377.30103
161954532,3497,1882,-1483,25,-764,-492,15,-17,-16,377.26193
161959532,3478,1891,-1471,-3,-754,-518,14,-17,-20,377.26974
161967532,3486,1905,-1509,-40,-724,-567,14,-18,-14,377.2682
161969532,3486,1905,-1509,-40,-724,-567,14,-18,-14,377.2682
161974532,3488,1874,-1535,-60,-711,-585,14,-18,-14,377.25775
161979532,3490,1879,-1543,-65,-694,-598,16,-15,-19,377.2588
161984532,3482,1893,-1538,-74,-675,-612,16,-15,-19,377.25253
161989532,3527,1885,-1594,-73,-646,-626,15,-16,-16,377.23117
161994532,3533,1928,-1583,-62,-616,-637,15,-16,-16,377.22958
161999532,3503,1885,-1622,-48,-571,-638,17,-16,-18,377.25253
162004532,3505,1901,-1586,-21,-534,-646,17,-16,-18,377.27393
162009532,3488,1909,-1609,5,-503,-642,14,-18,-16,377.26715
162014532,3487,1894,-1610,33,-469,-644,14,-18,-16,377.29947
162019532,3456,1911,-1572,68,-425,-650,14,-17,-18,377.27078
162024532,3409,1907,-1560,106,-392,-657,14,-17,-18,377.29007
162029532,3356,1897,-1491,140,-367,-663,14,-19,-17,377.27548
162034532,3303,1898,-1471,176,-355,-668,14,-19,-17,377.26715
162039532,3292,1873,-1443,210,-370,-680,14,-17,-16,377.29166
162044532,3308,1860,-1448,245,-396,-695,14,-17,-16,377.2927
162049532,3334,1888,-1438,280,-407,-716,14,-18,-15,377.2682
162054532,3279,1876,-1476,308,-416,-735,14,-18,-15,377.23743
162059532,3339,1894,-1526,343,-431,-752,13,-17,-16,377.2468
162072532,3449,1958,-1700,433,-429,-800,14,-17,-17,377.21185
162074532,3449,1958,-1700,433,-429,-800,14,-17,-17,377.21185
162076532,3503,1987,-1750,462,-391,-806,14,-17,-17,377.2077
162079532,3503,1987,-1750,462,-391,-806,14,-17,-19,377.2077
162084532,3492,1994,-1787,492,-341,-812,14,-17,-19,377.2103
162089532,3503,2036,-1799,512,-281,-803,14,-17,-16,377.24835
162094532,3457,2022,-1812,530,-231,-792,17,-18,-16,377.20093
162099532,3447,2058,-1791,536,-185,-776,17,-18,-16,377.166
162104532,3448,2072,-1764,536,-147,-757,15,-17,-16,377.16336
162109532,3468,2056,-1764,532,-116,-738,15,-17,-16,377.166
162114532,3425,2086,-1745,520,-86,-714,17,-18,-14,377.16962
162119532,3408,2050,-1698,503,-64,-686,17,-18,-14,377.18268
162124532,3397,2036,-1687,487,-45,-659,14,-18,-20,377.20926
162129532,3395,2002,-1682,468,-31,-632,14,-18,-20,377.2249
162134532,3446,2006,-1673,444,-4,-607,11,-16,-16,377.19467
162139532,3487,1992,-1744,430,37,-584,11,-16,-16,377.21603
162144532,3497,1995,-1717,406,83,-558,15,-18,-17,377.25253
162149532,3492,1967,-1690,394,131,-536,15,-18,-17,377.2249
162154532,3473,1979,-1653,376,177,-510,15,-19,-16,377.21448
162159532,3496,1984,-1670,361,216,-486,15,-19,-16,377.22385
162167532,3541,1994,-1643,334,299,-447,15,-17,-18,377.24316
162169532,3541,1994,-1643,334,299,-447,15,-17,-18,377.24316
162174532,3545,1979,-1644,319,352,-426,14,-18,-15,377.25516
162179532,3531,1997,-1619,311,404,-397,14,-18,-15,377.27704
162184532,3528,1978,-1567,301,442,-371,14,-18,-17,377.24316
162189532,3557,1973,-1514,294,475,-339,14,-18,-17,377.20926
162194532,3533,1961,-1493,285,501,-303,14,-20,-15,377.2223
162199532,3511,1930,-1466,282,533,-267,14,-20,-15,377.19986
162204532,3496,1915,-1383,284,558,-229,13,-17,-15,377.1983
162209532,3498,1925,-1406,288,579,-190,13,-17,-15,377.19308
162214532,3552,1895,-1382,295,596,-149,13,-19,-16,377.20352
162219532,3562,1883,-1344,305,616,-104,13,-19,-16,377.1983
162224532,3550,1856,-1339,321,631,-65,13,-19,-15,377.19986
162229532,3588,1851,-1287,333,631,-30,15,-17,-15,377.20093
162234532,3634,1848,-1274,354,623,2,15,-17,-15,377.18893
162239532,3626,1790,-1229,371,625,30,13,-16,-14,377.18893
162244532,3600,1759,-1195,401,625,49,13,-16,-14,377.23743
162249532,3588,1736,-1168,424,621,63,15,-18,-16,377.25516
162254532,3603,1696,-1149,450,611,70,15,-18,-16,377.26556
162259532,3662,1654,-1162,483,596,70,12,-18,-15,377.25775
162267532,3664,1606,-1113,561,587,56,13,-19,-13,377.25775
162269532,3664,1606,-1113,561,587,56,13,-19,-13,377.227
162274532,3715,1607,-1111,606,583,46,13,-19,-13,377.19986
162279532,3743,1619,-1114,652,580,36,13,-19,-13,377.1957
162284532,3727,1587,-1069,689,580,30,13,-19,-13,377.21866
162289532,3745,1612,-1106,726,579,24,14,-20,-13,377.24576
162294532,3770,1632,-1076,758,569,23,14,-20,-13,377.24316
162299532,3806,1638,-1109,785,562,31,12,-20,-15,377.22125
162304532,3821,1660,-1098,811,556,39,12,-20,-15,377.2588
162309532,3779,1668,-1135,818,560,52,15,-21,-15,377.22385
162314532,3781,1681,-1085,823,560,69,15,-21,-15,377.23898
162319532,3778,1694,-1073,819,557,86,13,-19,-15,377.25253
162324532,3766,1701,-1072,807,538,103,13,-19,-15,377.2588
162329532,3738,1701,-1023,791,519,124,14,-19,-11,377.26193
162334532,3779,1732,-1000,774,488,135,14,-19,-11,377.26035
162339532,3767,1698,-981,755,464,141,13,-21,-13,377.27234
162344532,3783,1703,-935,741,443,148,13,-21,-13,377.2682
162349532,3755,1686,-921,728,424,155,15,-21,-13,377.27234
162354532,3719,1667,-897,718,400,160,15,-21,-13,377.27966
162359532,3746,1685,-875,704,377,166,15,-17,-12,377.26715
162367532,3708,1688,-881,682,333,193,12,-17,-12,377.23117
162369532,3708,1688,-881,682,333,193,12,-17,-12,377.2348
162374532,3711,1694,-907,667,317,218,12,-18,-13,377.2588
162379532,3727,1708,-942,650,301,247,12,-18,-13,377.2249
162384532,3740,1700,-923,626,285,281,14,-19,-14,377.24158
162389532,3744,1731,-954,605,274,322,14,-19,-14,377.22855
162394532,3727,1741,-941,580,261,358,14,-19,-12,377.19727
162399532,3719,1739,-923,544,245,395,14,-19,-12,377.24054
162404532,3724,1726,-941,509,228,433,13,-17,-13,377.25098
162409532,3702,1721,-886,477,209,463,13,-17,-13,377.27393
162414532,3655,1699,-880,436,184,487,11,-20,-12,377.26297
162419532,3653,1676,-859,396,153,498,11,-20,-12,377.28748
162424532,3673,1651,-917,366,128,512,14,-20,-14,377.31302
162429532,3651,1645,-923,331,123,515,14,-20,-14,377.26715
162434532,3671,1657,-934,306,111,515,11,-19,-12,377.29843
162439532,3619,1651,-931,274,104,518,11,-19,-12,377.28748
162444532,3635,1667,-951,253,93,518,13,-19,-14,377.27704
162449532,3650,1679,-1016,224,76,522,13,-19,-14,377.25357
162454532,3629,1685,-1018,195,65,521,14,-20,-13,377.26297
162459532,3622,1645,-1026,177,53,528,14,-20,-13,377.28903
162467532,3648,1627,-1035,145,60,534,12,-17,-15,377.25253
162469532,3648,1627,-1035,145,60,534,12,-17,-15,377.25253
162474532,3612,1584,-1005,130,74,538,13,-21,-14,377.2364
162479532,3578,1565,-991,121,83,538,13,-21,-14,377.2348
162484532,3549,1541,-964,116,81,532,13,-18,-14,377.24054
162489532,3595,1506,-945,112,72,516,13,-18,-14,377.24158
162494532,3607,1485,-944,118,63,497,10,-19,-11,377.22125
162499532,3602,1499,-917,132,46,470,10,-19,-11,377.22958
162504532,3584,1449,-906,147,35,441,10,-19,-14,377.26974
162509532,3592,1429,-919,171,14,403,13,-16,-14,377.26715
162514532,3563,1431,-914,199,-9,368,13,-16,-14,377.26453
162519532,3598,1441,-962,228,-25,333,10,-17,-10,377.2682
162524532,3601,1452,-967,257,-33,295,10,-17,-10,377.24158
162529532,3588,1427,-989,292,-37,264,16,-20,-14,377.25253
162534532,3593,1450,-972,322,-30,230,16,-20,-14,377.27548
162539532,3583,1464,-999,353,-25,200,11,-18,-13,377.26453
162544532,3613,1485,-1005,385,-19,173,11,-18,-13,377.25357
162549532,3629,1511,-1023,410,-10,145,13,-18,-14,377.26297
162554532,3614,1508,-1067,427,2,124,13,-18,-14,377.22385
162559532,3616,1511,-1027,447,17,103,12,-18,-13,377.23743
162567532,3595,1529,-1033,473,30,63,13,-18,-13,377.22958
162569532,3595,1529,-1033,473,30,63,13,-18,-13,377.22958
162574532,3584,1525,-1004,491,36,41,13,-18,-13,377.20352
162579532,3591,1535,-992,491,42,20,13,-19,-11,377.19986
162584532,3561,1522,-989,498,37,0,13,-19,-11,377.20508
162589532,3589,1552,-965,503,27,-22,14,-18,-12,377.23376
162594532,3577,1549,-945,504,19,-42,14,-18,-12,377.22385
162599532,3545,1580,-980,507,12,-59,13,-17,-13,377.22855
162604532,3546,1602,-979,504,3,-75,13,-17,-13,377.23898
162609532,3482,1588,-995,495,-6,-88,12,-18,-12,377.23117
162614532,3500,1587,-979,482,-20,-95,12,-18,-12,377.21707
162619532,3546,1632,-1027,473,-24,-109,12,-18,-14,377.21185
162624532,3555,1626,-1057,453,-28,-116,12,-18,-14,377.2103
162629532,3572,1661,-1051,435,-31,-117,14,-19,-13,377.20352
162634532,3600,1671,-1016,424,-30,-116,14,-19,-13,377.2442
162639532,3583,1672,-1039,397,-35,-115,14,-19,-11,377.2364
162644532,3602,1686,-1053,373,-38,-111,14,-18,-11,377.27966
162649532,3605,1688,-1033,350,-42,-106,14,-18,-11,377.26974
162654532,3587,1686,-1057,330,-49,-107,14,-18,-8,377.2588
162659532,3583,1695,-1064,311,-56,-99,14,-18,-8,377.25098
162667532,3586,1682,-1091,275,-76,-90,14,-18,-10,377.2077
162669532,3586,1682,-1091,275,-76,-90,14,-18,-10,377.2077
162674532,3589,1676,-1090,263,-82,-85,16,-17,-16,377.19986
162679532,3596,1682,-1085,252,-85,-74,16,-17,-16,377.20667
162684532,3588,1665,-1084,248,-80,-66,12,-18,-14,377.227
162689532,3573,1656,-1086,248,-84,-51,12,-18,-14,377.2322
162694532,3586,1642,-1080,243,-86,-44,16,-20,-15,377.26453
162699532,3574,1634,-1108,243,-88,-31,16,-20,-15,377.29947
162704532,3608,1647,-1090,245,-87,-22,15,-18,-14,377.32816
162709532,3576,1619,-1107,244,-83,-10,15,-18,-14,377.30103
162714532,3569,1626,-1108,250,-85,-2,14,-18,-14,377.28488
162719532,3559,1637,-1116,253,-83,10,14,-18,-14,377.27704
162724532,3531,1610,-1096,251,-86,18,15,-17,-15,377.26193
162729532,3522,1570,-1085,253,-87,22,15,-17,-15,377.24835
162734532,3554,1565,-1103,252,-87,27,13,-19,-14,377.26974
162739532,3513,1524,-1063,255,-83,34,13,-19,-14,377.25516
162744532,3525,1498,-1050,249,-85,39,11,-18,-14,377.2364
162749532,3538,1500,-1079,250,-97,43,11,-18,-14,377.227
162754532,3522,1474,-1083,246,-108,48,13,-20,-12,377.2322
162759532,3575,1445,-1072,244,-119,54,13,-20,-12,377.2103
162767532,3573,1419,-1075,243,-128,64,10,-19,-14,377.20248
162769532,3573,1419,-1075,243,-128,64,10,-19,-14,377.2223
162774532,3590,1403,-1059,245,-142,75,10,-18,-13,377.1957
162779532,3608,1359,-1035,246,-162,81,12,-18,-13,377.20667
162784532,3608,1374,-1042,247,-177,85,12,-18,-13,377.2249
162789532,3616,1351,-1064,245,-181,92,10,-18,-14,377.24994
162794532,3588,1330,-1058,238,-186,97,10,-18,-14,377.2468
162799532,3569,1282,-1081,228,-196,106,12,-18,-16,377.23743
162804532,3572,1277,-1097,215,-191,110,12,-18,-16,377.21185
162809532,3561,1219,-1069,201,-174,115,10,-18,-12,377.24158
162814532,3533,1191,-1076,186,-168,109,10,-18,-12,377.23376
162819532,3551,1170,-1081,166,-162,102,12,-19,-10,377.24158
162824532,3549,1116,-1023,151,-160,90,12,-19,-10,377.26035
162829532,3537,1097,-984,137,-165,72,10,-19,-17,377.26297
162834532,3579,1080,-987,129,-179,48,10,-19,-17,377.26193
162839532,3559,1041,-928,120,-194,22,11,-18,-14,377.26453
162844532,3569,1017,-935,116,-216,-4,11,-18,-14,377.27393
162849532,3587,1001,-923,114,-236,-34,13,-18,-13,377.27966
162854532,3624,977,-963,120,-251,-60,13,-18,-13,377.27966
162859532,3615,951,-984,126,-249,-84,11,-20,-13,377.24835
162867532,3556,925,-976,141,-250,-115,11,-20,-13,377.26297
162869532,3556,925,-976,141,-250,-115,11,-16,-11,377.30887
162874532,3607,946,-1003,140,-262,-130,11,-16,-11,377.34015
162879532,3609,925,-1014,136,-256,-143,9,-17,-15,377.35214
162884532,3543,877,-1012,130,-257,-150,9,-17,-15,377.40897
162889532,3508,875,-1025,117,-264,-170,9,-19,-12,377.4168
162894532,3514,847,-1042,109,-285,-190,9,-19,-12,377.42514
162899532,3558,825,-1026,106,-297,-224,9,-19,-13,377.4846
162904532,3616,809,-1063,100,-285,-258,9,-19,-13,377.52527
162909532,3623,788,-1087,103,-266,-291,9,-19,-13,377.57166
162914532,3579,755,-1069,103,-242,-331,9,-19,-13,377.60556
162919532,3601,756,-1056,109,-218,-369,9,-19,-10,377.59775
162924532,3571,746,-1067,107,-199,-414,8,-18,-10,377.5623
162929532,3596,738,-1072,107,-182,-456,8,-18,-10,377.54767
162934532,3563,775,-1067,100,-172,-487,11,-18,-11,377.56802
162939532,3571,803,-1055,84,-174,-521,11,-18,-11,377.57635
162944532,3574,808,-1083,58,-186,-544,12,-19,-16,377.5993
162949532,3564,858,-1088,37,-196,-564,12,-19,-16,377.6624
162954532,3471,839,-993,2,-228,-576,8,-13,-13,377.7865
162959532,3474,841,-938,-38,-287,-588,8,-13,-13,378.0092
162967532,3415,937,-1099,-133,-405,-619,9,-17,-15,378.25742
162969532,3415,937,-1099,-133,-405,-619,9,-17,-15,378.25742
162974532,3464,851,-1115,-186,-460,-630,10,-17,-13,378.14008
162979532,3614,976,-1325,-219,-531,-646,10,-17,-13,377.8934
162984532,3665,1040,-1446,-260,-556,-655,9,-19,-16,377.78287
162989532,3699,970,-1394,-301,-564,-652,9,-19,-16,377.7985
162994532,3808,1066,-1505,-332,-589,-635,11,-22,-14,377.88766
162999532,3773,1309,-1534,-354,-561,-595,11,-22,-14,377.99197
163004532,3692,1384,-1503,-351,-467,-528,11,-20,-11,378.08636
163009532,3629,1194,-1409,-357,-350,-452,11,-20,-11,378.01178
163014532,3626,942,-1320,-397,-181,-355,10,-19,-12,377.9633
163019532,3678,1145,-1718,-454,32,-260,10,-19,-12,377.86996
163024532,2431,924,-1520,-477,429,-120,8,-15,-14,377.6817
163029532,2841,731,-1236,-431,374,63,8,-15,-14,377.47208
163034532,3258,1259,-1917,-370,287,227,8,-17,-17,377.05542
163039532,3397,814,-1395,-346,525,495,8,-17,-17,377.0012
163044532,3408,1239,-1638,-293,670,701,9,-17,-15,377.01633
163049532,3206,1264,-1448,-262,815,949,9,-17,-15,376.9788
163054532,3320,1370,-1257,-216,821,1165,9,-17,-15,377.04343
163059532,3342,1524,-1211,-177,812,1344,12,-17,-15,377.05023
163067532,3327,1362,-802,-156,703,1662,11,-16,-14,377.05386
163069532,3327,1362,-802,-156,703,1662,11,-16,-14,377.05386
163074532,3274,1332,-663,-160,520,1808,11,-16,-14,377.05127
163079532,3219,1234,-634,-184,295,1941,9,-15,-12,377.02414
163084532,3246,1267,-633,-192,76,2050,9,-15,-12,376.9986
163089532,3265,1236,-690,-225,-85,2132,11,-16,-11,376.86093
163094532,3232,1303,-598,-264,-197,2205,11,-16,-11,376.76917
163099532,3338,1283,-405,-307,-372,2271,12,-19,-11,376.70087
163104532,3306,1310,-817,-350,-579,2303,12,-19,-11,376.66122
163109532,3350,1270,-860,-391,-698,2350,10,-18,-11,376.58197
163114532,3485,1299,-760,-417,-786,2390,10,-18,-11,376.61432
163119532,3418,1405,-851,-447,-858,2407,9,-18,-10,376.6821
163124532,3453,1293,-996,-505,-892,2428,9,-18,-10,376.7384
163129532,3589,1346,-1069,-548,-885,2419,12,-20,-12,376.76135
163134532,3791,1365,-1148,-597,-829,2411,12,-20,-12,376.7624
163139532,3726,1429,-1142,-662,-719,2384,12,-19,-11,376.7259
163144532,3751,1357,-1201,-732,-626,2359,12,-19,-11,376.36353
163149532,3989,1501,-1258,-793,-545,2302,11,-20,-13,376.08823
163154532,3839,1502,-1313,-868,-404,2245,11,-20,-13,375.6555
163159532,3849,1383,-1117,-952,-298,2184,12,-20,-13,375.45685
163167532,3816,1433,-1136,-1104,-237,1978,12,-20,-13,375.78424
163169532,3816,1433,-1136,-1104,-237,1978,14,-20,-11,375.78424
163174532,3906,1371,-1201,-1199,-230,1843,14,-20,-11,375.93127
163179532,4194,1409,-1204,-1283,-250,1667,11,-22,-15,376.00583
163184532,3966,1419,-1303,-1395,-244,1479,11,-22,-15,376.08978
163189532,4050,1300,-1331,-1509,-284,1276,11,-21,-15,376.1951
163194532,4062,1396,-1401,-1597,-314,1012,13,-21,-15,376.3213
163199532,4000,1259,-1359,-1707,-272,740,13,-21,-15,376.45267
163204532,3860,1241,-1324,-1803,-216,465,12,-20,-13,376.54706
163209532,3816,1218,-1304,-1883,-182,186,12,-20,-13,376.6362
163214532,3818,1264,-1291,-1932,-161,-70,16,-21,-11,376.668
163219532,3805,1328,-1307,-1945,-126,-296,16,-21,-11,376.68573
163224532,3764,1375,-1291,-1930,-99,-476,14,-17,-13,376.70087
163229532,3705,1401,-1248,-1879,-90,-615,14,-17,-13,376.7306
163234532,3695,1499,-1228,-1791,-92,-709,16,-19,-14,376.7718
163239532,3652,1584,-1239,-1684,-103,-759,16,-19,-14,376.82443
163244532,3634,1730,-1201,-1559,-114,-779,13,-17,-12,376.79785
163249532,3660,1827,-1232,-1420,-136,-763,13,-17,-12,376.76135
163254532,3665,1932,-1168,-1272,-151,-728,16,-19,-17,376.6941
163259532,3678,2022,-1178,-1130,-155,-678,16,-19,-17,376.54028
163267532,3713,2253,-1073,-847,-189,-529,14,-20,-13,376.50793
163269532,3713,2253,-1073,-847,-189,-529,14,-20,-13,376.4876
163274532,3712,2345,-1034,-735,-222,-442,17,-20,-16,376.44067
163279532,3732,2419,-1001,-632,-265,-344,17,-20,-16,376.40262
163284532,3553,2549,-905,-547,-308,-250,18,-18,-15,376.412
163289532,3643,2520,-921,-489,-373,-155,18,-18,-15,376.4052
163294532,3691,2636,-913,-443,-424,-83,17,-21,-11,376.49698
163299532,3600,2678,-921,-416,-447,-11,17,-21,-11,376.56424
163304532,3709,2711,-959,-413,-479,50,19,-20,-11,376.6289
163309532,3783,2855,-1008,-419,-502,75,19,-20,-11,376.72067
163314532,3886,2858,-1026,-430,-486,84,19,-21,-13,376.80722
163319532,3940,2858,-1054,-452,-438,92,19,-21,-13,376.8234
163324532,3915,2909,-992,-494,-411,93,21,-21,-13,376.77072
163329532,3951,2986,-1000,-549,-413,80,21,-21,-13,376.71286
163334532,4037,2974,-977,-596,-412,60,21,-21,-12,376.6237
163339532,3951,3042,-1001,-639,-376,38,21,-21,-12,376.59137
163344532,3836,3069,-864,-680,-330,29,21,-21,-12,376.56686
163349532,3784,3037,-791,-717,-317,21,19,-20,-14,376.5116
163354532,3746,3047,-711,-745,-330,20,19,-20,-14,376.4631
163359532,3777,3039,-690,-768,-358,37,19,-19,-11,376.4172
163367532,3559,3148,-620,-780,-437,129,20,-19,-11,376.4068
163369532,3559,3148,-620,-780,-437,129,20,-19,-11,376.4313
163374532,3540,3078,-646,-784,-523,185,20,-19,-11,376.46832
163379532,3552,3146,-708,-769,-579,255,20,-20,-10,376.4876
163384532,3586,3135,-809,-751,-610,350,20,-20,-10,376.50482
163389532,3596,3128,-835,-725,-617,445,20,-18,-13,376.55383
163394532,3621,3126,-879,-696,-606,528,20,-18,-13,376.63046
163399532,3672,3124,-935,-665,-587,604,20,-21,-12,376.6534
163404532,3719,3116,-976,-640,-560,662,20,-21,-12,376.71912
163409532,3712,3128,-1024,-620,-523,708,21,-19,-13,376.7989
163414532,3696,3060,-1011,-612,-491,735,21,-19,-13,376.84634
163419532,3728,3054,-1078,-615,-442,744,21,-19,-12,376.8964
163424532,3734,3051,-1073,-630,-379,740,21,-19,-12,376.88544
163429532,3762,3049,-1089,-650,-322,725,21,-22,-16,376.8192
163434532,3766,3050,-1069,-692,-270,704,21,-22,-16,376.668
163439532,3679,3023,-1028,-744,-228,678,21,-19,-14,376.55383
163444532,3594,2979,-953,-809,-221,654,21,-19,-14,376.4292
163449532,3565,2969,-903,-864,-236,629,19,-18,-13,376.36194
163454532,3529,2954,-862,-926,-261,598,19,-18,-13,376.34317
163459532,3545,2912,-882,-977,-288,567,20,-20,-13,376.35153
163467532,3655,2842,-901,-1042,-366,502,20,-20,-13,376.3854
163469532,3655,2842,-901,-1042,-366,502,20,-16,-10,376.3854
163474532,3672,2835,-886,-1040,-376,471,20,-16,-10,376.44693
163479532,3629,2762,-820,-1015,-382,441,20,-16,-10,376.59137
163484532,3584,2722,-781,-974,-410,406,18,-19,-12,376.59814
163489532,3592,2690,-768,-917,-451,363,18,-19,-12,376.5877
163494532,3640,2654,-833,-845,-480,315,20,-17,-15,376.58093
163499532,3658,2656,-859,-762,-484,276,20,-17,-15,376.59137
163504532,3712,2643,-880,-671,-469,230,20,-18,-11,376.59555
163509532,3770,2680,-926,-582,-438,184,20,-18,-11,376.56583
163514532,3838,2740,-920,-500,-401,138,19,-19,-13,376.54028
163519532,3850,2777,-936,-434,-354,102,19,-19,-13,376.4777
163524532,3784,2802,-834,-381,-312,65,20,-19,-13,376.4485
163529532,3730,2852,-723,-340,-295,31,20,-19,-13,376.43234
163534532,3760,2920,-697,-317,-305,-11,20,-18,-13,376.45267
163539532,3698,2946,-665,-314,-331,-65,20,-18,-13,376.4433
163544532,3767,2949,-668,-318,-379,-126,19,-19,-12,376.45892
163549532,3871,3019,-733,-313,-430,-193,19,-19,-12,376.46832
163554532,3934,3075,-826,-312,-444,-270,21,-20,-13,376.50378
163559532,3988,3125,-821,-302,-428,-345,21,-20,-13,376.4751
163567532,4020,3237,-871,-273,-406,-504,20,-21,-12,376.40366
163569532,4020,3237,-871,-273,-406,-504,20,-21,-12,376.40366
163574532,4066,3363,-885,-267,-407,-587,23,-21,-12,376.2634
163579532,4180,3491,-922,-254,-411,-673,23,-21,-12,376.1461
163584532,4215,3652,-907,-248,-428,-764,24,-21,-15,375.99905
163589532,4271,3780,-958,-243,-448,-828,24,-21,-15,375.81552
163594532,4285,3944,-967,-254,-488,-888,25,-23,-12,375.36142
163599532,4335,4164,-1005,-270,-531,-943,25,-23,-12,375.06323
163604532,4451,4346,-951,-299,-582,-986,26,-24,-14,374.8135
163609532,4454,4665,-1060,-270,-620,-963,26,-24,-14,374.65607
163614532,4560,4751,-1108,-249,-678,-886,26,-24,-14,374.5101
163619532,4598,4986,-1033,-195,-729,-812,29,-22,-14,374.3709
163624532,4648,5005,-1278,-123,-732,-768,29,-22,-14,374.28595
163629532,4738,5211,-1394,-38,-756,-737,29,-21,-10,374.21765
163634532,4942,5496,-1483,77,-753,-724,29,-21,-10,374.13632
163639532,5150,5615,-1666,225,-691,-696,37,-26,-15,374.05865
163644532,5269,5792,-1726,337,-579,-711,37,-26,-15,374.00027
163649532,5543,5968,-1811,462,-458,-774,35,-27,-18,373.71722
163654532,5602,6293,-1733,541,-331,-885,35,-27,-18,373.64008
163659532,5795,6628,-1662,607,-223,-981,37,-29,-18,373.59262
163667532,6175,7170,-1409,666,0,-1177,41,-31,-15,373.553
163669532,6175,7170,-1409,666,0,-1177,41,-31,-15,373.47015
163674532,6274,7580,-1145,609,67,-1262,41,-31,-15,373.32733
163679532,6566,7937,-946,525,42,-1296,43,-34,-16,373.15634
163684532,6784,8326,-788,384,-39,-1335,43,-34,-16,372.99164
163689532,7040,8553,-734,264,-89,-1335,47,-36,-10,372.7597
163694532,7168,8940,-737,156,-162,-1301,47,-36,-10,372.62106
163699532,7419,9508,-899,69,-274,-1276,55,-39,-14,372.52774
163704532,7717,9965,-928,-7,-324,-1271,55,-39,-14,372.32135
163709532,8209,10500,-1217,7,-318,-1238,57,-41,-14,372.23798
163714532,8755,10990,-1428,68,-192,-1141,57,-41,-14,372.1056
163719532,9204,11630,-1512,140,63,-980,64,-46,-15,371.93152
163724532,9361,12440,-1346,187,374,-784,64,-46,-15,371.5693
163729532,9614,13376,-926,157,610,-587,71,-48,-12,371.0273
163734532,9835,14377,-354,46,786,-393,71,-48,-12,370.43793
163739532,9947,15354,250,-153,861,-172,82,-52,-9,369.85953
163744532,10248,16140,719,-466,675,27,82,-52,-9,369.2728
163749532,10494,16884,1176,-801,296,218,82,-52,-9,368.75125
163754532,10509,17424,947,-1095,-328,308,92,-54,-9,368.32404
163759532,10417,17727,567,-1285,-1056,389,92,-54,-9,368.1099
163767532,12861,19128,-1183,-1140,-1998,874,99,-58,-12,368.37247
163769532,12861,19128,-1183,-1140,-1998,874,99,-58,-12,368.96436
163774532,12580,19773,-1668,-748,-2305,971,103,-58,-19,369.74643
163779532,12672,19888,-2369,-232,-2484,1131,103,-58,-19,370.87097
163784532,13267,20346,-3709,516,-2565,1190,106,-61,-27,372.31094
163789532,12576,21352,-4654,1393,-2563,1037,106,-61,-27,373.9205
163794532,12877,22239,-6035,2372,-2393,995,113,-60,-37,375.61325
163799532,12470,23247,-7248,3404,-1813,1078,113,-60,-37,377.29947
163804532,11608,24054,-8065,4367,-799,1233,123,-55,-45,378.60788
163809532,10803,24923,-7966,5208,622,1473,123,-55,-45,379.7052
163814532,9676,25611,-6167,5934,2133,1543,132,-50,-37,381.46252
163819532,8885,25299,-4968,6741,3585,1401,132,-50,-37,382.19077
163824532,8922,24957,-3262,7642,5106,1335,127,-42,-21,383.99442
163829532,6672,24369,-1719,8166,6530,1320,127,-42,-21,387.28638
163834532,4613,23839,-62,8492,7621,1311,120,-24,-5,393.13654
163839532,2379,22616,1559,8525,8647,1456,120,-24,-5,400.56503
163844532,-1882,21091,3902,8244,9646,1652,104,6,15,406.82852
163849532,-2538,17055,4794,7603,10121,1866,104,6,15,416.5211
163854532,-1052,10259,7037,6697,10371,1536,51,-7,26,444.271
163859532,574,4042,6996,6363,10816,713,51,-7,26,478.28436
163867532,1278,2130,-3373,6746,14796,245,18,-21,-8,491.1693
163869532,1278,2130,-3373,6746,14796,245,18,-21,-8,480.44513
163874532,-2168,-585,-2825,4817,15383,551,0,0,-14,468.1359
163879532,307,-935,-102,3993,14805,920,0,0,-14,455.9664
163884532,1833,774,-267,4471,14671,321,0,1,-9,443.93564
163889532,-1090,-1190,-1089,4820,14837,-371,3,1,-9,432.79645
163894532,-123,355,-1383,4936,14721,-13,3,1,-9,422.86234
163899532,-878,-338,-969,4880,14673,157,4,2,-12,414.00577
163904532,-614,161,-1096,4990,14601,304,4,2,-12,406.38873
163909532,-875,-25,-974,4993,14554,459,4,3,-13,399.88617
163914532,-760,66,-1035,5050,14493,626,4,3,-13,394.50647
163919532,-814,134,-1007,5073,14437,791,6,0,-12,390.1523
163924532,-757,130,-980,5107,14373,952,6,0,-12,386.75922
163929532,-786,173,-980,5122,14319,1124,3,3,-12,382.32486
163934532,-761,168,-935,5137,14260,1292,3,3,-12,381.10205
163939532,-743,211,-930,5150,14200,1459,5,-1,-13,380.31284
163944532,-749,227,-929,5153,14145,1632,5,-1,-13,379.8674
163949532,-708,243,-936,5152,14087,1800,6,2,-11,379.6624
163954532,-747,264,-919,5148,14034,1976,6,2,-11,379.57062
163959532,-742,260,-926,5135,13973,2146,4,-1,-12,379.54456
163967532,-766,323,-892,5100,13853,2473,4,4,-9,379.53412
163969532,-766,323,-892,5100,13853,2473,5,4,-9,379.53412
163974532,-792,315,-832,5070,13792,2635,5,4,-9,379.5581
163979532,-744,384,-832,5038,13728,2791,4,3,-11,379.56384
163984532,-787,373,-855,4994,13670,2954,4,3,-11,379.58627
163989532,-751,378,-840,4950,13609,3112,5,0,-10,379.59827
163994532,-786,352,-787,4895,13548,3265,5,0,-10,379.64468
163999532,-776,427,-791,4844,13479,3396,6,1,-13,379.6473
164004532,-767,434,-794,4782,13420,3532,6,1,-13,379.6718
164009532,-772,450,-760,4713,13358,3692,7,1,-10,379.6838
164014532,-777,474,-739,4626,13293,3831,7,1,-10,379.72137
164019532,-793,491,-725,4549,13234,3979,7,3,-13,379.7151
164024532,-797,485,-714,4464,13171,4109,7,3,-13,379.773
164029532,-819,472,-705,4373,13103,4236,7,3,-11,379.77664
164034532,-824,509,-660,4280,13041,4355,6,2,-11,379.8121
164039532,-880,467,-643,4179,12968,4470,6,2,-11,379.7996
164044532,-868,499,-653,4080,12901,4579,7,2,-9,379.82568
164049532,-903,531,-653,3972,12829,4689,7,2,-9,379.7876
164054532,-903,518,-656,3869,12759,4791,6,4,-8,379.73752
164059532,-908,538,-647,3732,12684,4882,6,4,-8,379.75787
164067532,-1001,516,-611,3566,12535,5062,8,1,-12,379.77142
164069532,-1001,516,-611,3566,12535,5062,8,1,-12,379.77142
164074532,-1105,447,-602,3444,12459,5137,5,4,-10,379.80222
164079532,-1068,485,-610,3337,12368,5192,5,4,-10,379.8335
164084532,-1133,476,-598,3227,12282,5244,8,5,-10,379.84967
164089532,-1173,467,-578,3123,12187,5293,8,5,-10,379.9008
164094532,-1174,477,-570,3011,12095,5331,8,4,-10,379.9764
164099532,-1232,441,-577,2908,11997,5358,8,4,-10,379.99677
164104532,-1209,461,-607,2797,11897,5384,7,5,-11,379.9618
164109532,-1190,485,-597,2695,11798,5405,7,5,-11,379.95087
164114532,-1292,459,-549,2594,11695,5430,6,4,-10,379.9806
164119532,-1200,452,-593,2486,11593,5436,6,4,-10,379.9545
164124532,-1271,429,-590,2381,11492,5448,7,5,-10,379.96964
164129532,-1269,437,-608,2292,11390,5450,7,5,-10,379.98996
164134532,-1349,368,-599,2197,11283,5439,5,5,-9,379.98996
164139532,-1311,394,-597,2114,11162,5415,5,5,-9,380.03693
164144532,-1366,322,-569,2024,11051,5391,6,7,-11,380.08698
164149532,-1357,341,-596,1948,10933,5355,6,7,-11,380.20175
164154532,-1376,322,-616,1860,10813,5311,7,5,-10,380.26016
164159532,-1379,326,-617,1781,10690,5271,7,5,-10,380.32745
164167532,-1337,275,-666,1646,10450,5160,6,6,-11,380.42862
164169532,-1337,275,-666,1646,10450,5160,6,6,-11,380.522
164174532,-1327,278,-702,1591,10329,5103,6,6,-11,380.59033
164179532,-1333,299,-681,1539,10213,5049,5,6,-12,380.58356
164184532,-1335,287,-688,1490,10098,4992,5,6,-12,380.57053
164189532,-1296,274,-716,1442,9987,4931,8,7,-12,380.59033
164194532,-1341,259,-755,1402,9874,4870,8,7,-12,380.61642
164199532,-1307,197,-778,1368,9756,4802,5,7,-10,380.65555
164204532,-1331,172,-776,1353,9639,4731,5,7,-10,380.824
164209532,-1293,190,-840,1335,9516,4656,7,7,-16,380.86835
164214532,-1377,111,-832,1327,9402,4582,7,7,-16,380.908
164219532,-1245,141,-865,1324,9277,4496,6,5,-12,380.93878
164224532,-1273,152,-893,1327,9161,4419,6,5,-12,381.00763
164229532,-1289,118,-970,1338,9049,4345,6,5,-13,381.0619
164234532,-1227,107,-960,1356,8934,4266,6,5,-13,381.04623
164239532,-1290,104,-1013,1381,8817,4187,5,4,-14,381.06448
164244532,-1235,52,-1078,1420,8705,4117,5,4,-14,381.0504
164249532,-1243,68,-1041,1460,8592,4038,5,5,-12,381.0869
164254532,-1235,41,-1076,1511,8474,3960,5,5,-12,381.12344
164259532,-1252,11,-1079,1568,8358,3887,4,6,-12,381.2116
164267532,-1181,19,-1140,1690,8122,3736,4,6,-12,381.25333
164269532,-1181,19,-1140,1690,8122,3736,5,7,-11,381.2022
164274532,-1157,-15,-1157,1750,8010,3661,5,7,-11,381.1328
164279532,-1116,17,-1149,1829,7896,3593,5,6,-13,381.113
164284532,-1121,28,-1163,1900,7782,3505,5,6,-13,381.1036
164289532,-1081,37,-1200,1979,7665,3489,5,5,-13,381.0791
164294532,-1119,-8,-1190,2053,7563,3436,5,5,-13,381.101
164299532,-1022,61,-1150,2139,7452,3353,5,4,-14,381.15994
164304532,-1005,18,-1120,2225,7356,3303,5,4,-14,381.2048
164309532,-933,58,-1071,2302,7250,3254,5,4,-14,381.2262
164314532,-1005,38,-1002,2381,7150,3203,6,7,-14,381.2116
164319532,-952,99,-966,2451,7051,3156,6,7,-14,381.0619
164324532,-1005,85,-932,2517,6947,3116,6,3,-12,380.932
164329532,-1048,79,-878,2570,6838,3072,6,3,-12,380.78595
164334532,-1034,98,-811,2611,6726,3025,7,7,-16,380.67953
164339532,-1000,135,-828,2653,6618,2980,7,7,-16,380.55957
164344532,-975,136,-814,2680,6509,2935,6,4,-12,380.51523
164349532,-987,120,-792,2705,6411,2891,6,4,-12,380.48392
164354532,-972,131,-772,2726,6298,2838,7,5,-11,380.4041
164359532,-1016,91,-765,2747,6204,2792,7,5,-11,380.26953
164367532,-929,127,-837,2804,5989,2680,6,0,-13,380.1814
164369532,-929,127,-837,2804,5989,2680,6,0,-13,380.1814
164374532,-966,104,-795,2837,5891,2633,6,4,-12,380.17514
164379532,-902,108,-787,2870,5782,2580,6,4,-12,380.16418
164384532,-912,80,-815,2913,5685,2530,6,1,-8,380.1261
164389532,-869,96,-800,2953,5583,2477,6,1,-8,380.09897
164394532,-882,79,-837,3004,5482,2435,5,4,-10,380.08176
164399532,-874,94,-822,3055,5382,2385,5,4,-10,380.03067
164404532,-818,113,-803,3097,5284,2341,6,4,-12,379.9686
164409532,-812,106,-739,3144,5184,2298,6,4,-12,379.95346
164414532,-832,115,-716,3186,5093,2252,5,3,-11,379.94147
164419532,-847,77,-711,3227,4994,2205,5,3,-11,379.93573
164424532,-843,84,-668,3270,4899,2159,5,5,-11,379.9227
164429532,-839,63,-679,3310,4802,2109,5,5,-11,379.90912
164434532,-808,81,-680,3359,4704,2058,7,4,-10,379.88095
164439532,-818,57,-656,3412,4607,2009,7,4,-10,379.8293
164444532,-828,60,-649,3462,4510,1961,7,4,-10,379.8137
164449532,-789,62,-612,3523,4404,1912,6,4,-10,379.80743
164454532,-812,43,-564,3586,4311,1865,6,4,-10,379.78604
164459532,-849,63,-562,3625,4211,1818,6,6,-9,379.80637
164467532,-857,42,-534,3699,4000,1707,6,5,-10,379.81732
164469532,-857,42,-534,3699,4000,1707,6,5,-10,379.81732
164474532,-840,20,-518,3739,3896,1658,6,5,-10,379.8293
164479532,-806,46,-511,3825,3790,1610,7,4,-10,379.83612
164484532,-843,11,-550,3882,3689,1569,7,4,-10,379.84705
164489532,-820,-2,-539,3955,3581,1527,5,2,-8,379.84027
164494532,-823,6,-538,4026,3474,1483,5,2,-8,379.81995
164499532,-806,12,-516,4103,3367,1447,5,2,-8,379.76205
164504532,-830,-3,-535,4178,3249,1411,5,2,-8,379.75473
164509532,-776,18,-479,4250,3166,1371,5,2,-10,379.7125
164514532,-824,2,-492,4320,3072,1326,5,2,-10,379.7177
164519532,-753,6,-528,4391,2955,1279,5,2,-11,379.6692
164524532,-789,0,-510,4462,2853,1237,5,2,-11,379.6864
164529532,-739,-12,-522,4533,2748,1189,5,1,-11,379.68903
164534532,-734,-2,-505,4606,2650,1142,5,1,-11,379.6744
164539532,-711,-28,-530,4686,2551,1093,5,3,-9,379.59827
164544532,-721,-38,-541,4757,2458,1046,5,3,-9,379.56647
164549532,-683,-39,-552,4838,2361,994,6,2,-11,379.5774
164554532,-674,-27,-577,4908,2269,944,6,2,-11,379.57062
164559532,-681,-31,-558,4980,2176,892,5,4,-9,379.5367
164567532,-628,4,-612,5126,2003,775,5,4,-9,379.51273
164569532,-628,4,-612,5126,2003,775,6,4,-11,379.51273
164574532,-624,-16,-670,5191,1918,714,6,4,-11,379.46057
164579532,-565,-5,-618,5262,1837,657,6,2,-12,379.43814
164584532,-624,-36,-596,5328,1761,598,6,2,-12,379.44077
164589532,-526,2,-636,5395,1680,537,6,2,-12,379.39487
164594532,-592,-16,-628,5455,1608,482,3,4,-10,379.3542
164599532,-591,-21,-655,5514,1532,423,3,4,-10,379.2947
164604532,-575,-65,-635,5573,1462,366,6,6,-13,379.2504
164609532,-605,-36,-649,5642,1382,301,6,6,-13,379.1873
164614532,-627,-91,-642,5704,1301,238,4,4,-11,379.19928
164619532,-632,-90,-659,5781,1216,168,4,4,-11,379.1753
164624532,-592,-61,-642,5855,1127,95,5,3,-14,379.1831
164629532,-638,-87,-633,5927,1049,24,5,3,-14,379.23056
164634532,-598,-63,-647,5996,965,-42,7,1,-12,379.23996
164639532,-639,-69,-611,6064,884,-110,7,1,-12,379.20605
164644532,-647,-117,-646,6139,799,-180,5,3,-10,379.22745
164649532,-615,-93,-599,6210,715,-248,5,3,-10,379.22482
164654532,-628,-74,-617,6277,641,-312,5,3,-9,379.1033
164659532,-603,-89,-629,6345,560,-373,5,3,-9,379.1101
164667532,-633,-101,-634,6477,407,-509,4,3,-11,379.1007
164669532,-633,-101,-634,6477,407,-509,4,3,-11,379.09653
164674532,-653,-119,-662,6547,327,-584,4,3,-11,379.08453
164679532,-639,-106,-653,6618,246,-660,4,3,-11,379.0835
164684532,-672,-133,-632,6690,161,-735,6,2,-11,379.08612
164689532,-655,-101,-640,6756,74,-815,6,2,-11,379.10175
164694532,-679,-116,-648,6819,-1,-896,4,1,-9,379.08716
164699532,-722,-131,-684,6884,-83,-974,4,1,-9,379.0741
164704532,-693,-123,-654,6951,-169,-1057,5,4,-12,379.12625
164709532,-701,-116,-633,7009,-249,-1144,5,4,-12,379.11426
164714532,-718,-115,-649,7073,-335,-1231,5,3,-9,379.1127
164719532,-703,-103,-600,7126,-416,-1316,4,3,-9,379.11426
164724532,-699,-131,-642,7179,-491,-1405,4,3,-9,379.1101
164729532,-749,-139,-626,7224,-570,-1496,6,5,-11,379.08612
164734532,-722,-110,-604,7277,-655,-1589,6,5,-11,379.0835
164739532,-753,-114,-654,7322,-738,-1691,5,2,-8,379.0913
164744532,-732,-134,-650,7369,-819,-1791,5,2,-8,379.08716
164749532,-791,-144,-656,7415,-897,-1888,5,4,-7,379.0835
164754532,-747,-163,-638,7457,-984,-1995,5,4,-7,379.0548
164759532,-715,-136,-681,7501,-1061,-2097,5,4,-9,379.08038
164767532,-726,-125,-721,7585,-1215,-2295,5,4,-11,379.06836
164769532,-726,-125,-721,7585,-1215,-2295,5,4,-11,379.04282
164774532,-715,-155,-682,7630,-1289,-2392,5,4,-11,379.06732
164779532,-713,-146,-747,7673,-1364,-2485,5,2,-12,379.07672
164784532,-739,-167,-725,7720,-1437,-2580,5,2,-12,379.06995
164789532,-746,-169,-710,7766,-1508,-2678,5,2,-8,379.06158
164794532,-773,-151,-712,7806,-1582,-2776,5,2,-8,379.0548
164799532,-803,-167,-657,7852,-1665,-2877,6,0,-13,379.04544
164804532,-836,-166,-653,7885,-1741,-2986,6,0,-13,379.02823
164809532,-836,-149,-648,7920,-1826,-3098,5,3,-10,379.01883
164814532,-849,-161,-623,7944,-1911,-3212,5,3,-10,378.99536
164819532,-868,-141,-586,7969,-1992,-3320,5,5,-9,378.91766
164824532,-839,-110,-583,7979,-2073,-3433,5,5,-9,378.87177
164829532,-866,-129,-548,7991,-2149,-3547,4,5,-10,378.8269
164834532,-893,-128,-531,7982,-2222,-3658,4,5,-10,378.79718
164839532,-872,-105,-546,7979,-2307,-3779,6,4,-12,378.7299
164844532,-872,-122,-505,7975,-2385,-3904,6,4,-12,378.6788
164849532,-898,-106,-506,7962,-2467,-4022,6,3,-9,378.6621
164854532,-863,-108,-500,7950,-2543,-4146,6,3,-9,378.5896
164859532,-867,-91,-543,7929,-2614,-4266,6,3,-10,378.53955
164867532,-859,-87,-523,7877,-2754,-4491,5,5,-10,378.47906
164869532,-859,-87,-523,7877,-2754,-4491,5,5,-10,378.47906
164874532,-828,-53,-503,7842,-2815,-4603,3,4,-9,378.4342
164879532,-826,-57,-544,7813,-2883,-4713,3,4,-9,378.4582
164884532,-796,-45,-510,7779,-2947,-4828,7,5,-10,378.3857
164889532,-811,-44,-511,7744,-3006,-4931,7,5,-10,378.3518
164894532,-826,-52,-530,7708,-3064,-5036,5,1,-11,378.3466
164899532,-786,-31,-481,7668,-3124,-5138,5,1,-11,378.36536
164904532,-846,-43,-432,7629,-3182,-5238,7,3,-8,378.37894
164909532,-821,-41,-435,7575,-3239,-5344,7,3,-8,378.39508
164914532,-795,-28,-431,7518,-3295,-5440,7,3,-8,378.38986
164919532,-808,-12,-377,7462,-3350,-5537,7,3,-8,378.32626
164924532,-807,-18,-372,7401,-3405,-5634,4,5,-9,378.3007
164929532,-840,-23,-338,7335,-3460,-5729,4,5,-9,378.22925
164934532,-796,2,-314,7267,-3509,-5826,6,4,-10,378.11816
164939532,-797,21,-299,7188,-3562,-5921,6,4,-10,378.03214
164944532,-766,38,-275,7114,-3611,-6011,5,3,-9,378.0144
164949532,-781,22,-263,7031,-3658,-6094,5,3,-9,377.97842
164954532,-778,54,-243,6945,-3704,-6182,6,3,-10,377.97424
164959532,-748,50,-219,6855,-3750,-6266,6,3,-10,377.93512
164967532,-686,86,-204,6660,-3836,-6426,4,1,-6,377.8997
164969532,-686,86,-204,6660,-3836,-6426,4,1,-6,377.8997
164974532,-687,66,-222,6563,-3870,-6496,6,3,-10,377.91168
164979532,-681,76,-194,6460,-3905,-6566,6,3,-10,377.9028
164984532,-641,110,-186,6361,-3940,-6624,6,2,-8,377.88663
164989532,-656,84,-195,6261,-3970,-6682,6,2,-8,377.86212
164994532,-625,86,-192,6168,-4005,-6739,6,3,-8,377.85013
164999532,-626,74,-121,6065,-4036,-6790,6,3,-8,377.87726
165004532,-548,90,-114,5953,-4062,-6836,6,3,-8,377.86578
165009532,-571,81,-49,5842,-4088,-6878,4,0,-8,377.7985
165014532,-557,100,-60,5726,-4114,-6919,4,0,-8,377.75836
165019532,-511,95,23,5612,-4135,-6948,7,3,-6,377.67178
165024532,-485,107,4,5484,-4155,-6980,7,3,-6,377.6624
165029532,-511,61,3,5366,-4171,-7004,6,3,-5,377.6358
165034532,-454,99,-29,5244,-4191,-7030,6,3,-5,377.6332
165039532,-460,111,-16,5124,-4205,-7059,7,3,-6,377.63007
165044532,-479,77,-10,5005,-4219,-7080,7,3,-6,377.65457
165049532,-414,104,31,4891,-4233,-7102,7,-1,-7,377.67023
165054532,-416,105,15,4775,-4249,-7118,7,-1,-7,377.64624
165059532,-406,96,73,4667,-4260,-7139,6,2,-9,377.59512
165067532,-359,94,83,4427,-4278,-7161,6,1,-8,377.5409
165069532,-359,94,83,4427,-4278,-7161,6,1,-8,377.5409
165074532,-314,122,77,4318,-4284,-7162,6,1,-8,377.56125
165079532,-354,103,98,4205,-4289,-7161,5,0,-7,377.60712
165084532,-312,122,133,4102,-4294,-7167,5,0,-7,377.68848
165089532,-251,85,153,3986,-4295,-7161,6,0,-6,377.7422
165094532,-207,106,177,3869,-4293,-7156,6,0,-6,377.76358
165099532,-245,96,176,3737,-4287,-7148,5,1,-5,377.74063
165104532,-202,104,176,3659,-4283,-7134,5,1,-5,377.78287
165109532,-165,67,195,3550,-4278,-7121,5,1,-8,377.8444
165114532,-192,75,148,3432,-4268,-7116,5,1,-8,377.87204
165119532,-116,2,194,3332,-4262,-7102,5,-2,-7,377.92157
165124532,-149,15,188,3231,-4249,-7092,5,-2,-7,377.93356
165129532,-269,-118,259,3151,-4243,-7078,5,-1,-8,377.9633
165134532,-583,-799,457,3081,-4251,-7038,5,-1,-8,378.63654
165139532,-28174,-32768,24679,3836,-4590,-6382,5,-1,129,375.2879
165144532,-32768,-32768,32767,14286,-8608,-1816,-1066,143,129,391.7542
165149532,-32768,-32768,6742,32767,-15630,14105,-1066,143,129,254.57619
165154532,10978,-32768,8112,32767,-26970,13823,-544,60,-10,67.991196
165159532,2014,-32768,2344,32767,-29256,2121,-544,60,-10,82.44588
165167532,-10703,-16637,-15554,32767,-32768,-2170,-80,45,-96,112.556725
165169532,-10703,-16637,-15554,32767,-32768,-2170,-80,45,-96,143.87663
165174532,-5470,-12904,-24029,32767,-32768,-5884,-33,24,-113,174.14026
165179532,-8205,-8445,-19216,32767,-32768,-10678,-33,24,-113,200.11284
165184532,-11447,-1275,-22683,32767,-32768,-14123,11,38,-108,224.22682
165189532,-9038,3890,-24813,32767,-32768,-15872,11,38,-108,244.70314
165194532,-8133,6258,-22772,32767,-32768,-17529,54,29,-116,264.25543
165199532,-8585,8293,-20120,32365,-32768,-19331,54,29,-116,283.02313
165204532,-9827,10003,-18841,28337,-32768,-21447,71,30,-93,298.21176
165209532,-7093,8697,-14014,25126,-32768,-23986,71,30,-93,326.42465
165214532,-5236,10479,-9798,23016,-32768,-26546,67,8,-46,336.38794
165219532,6469,15534,1190,21466,-32768,-28171,67,8,-46,340.162
165224532,21305,32767,17121,18288,-32470,-26255,386,-82,72,345.7053
165229532,11048,32767,12120,1136,-32768,-6069,386,-82,72,358.48502
165234532,9734,16315,3541,-9551,-32768,4327,88,-88,15,359.4022
165239532,9686,-5497,-90,-13430,-32768,2605,88,-88,15,360.23456
165244532,-5661,1938,-7181,-10913,-32768,-1828,13,4,-47,361.53925
165249532,-8269,1059,-8794,-9243,-32768,-2714,13,4,-47,362.66705
165254532,-7451,-2740,-8048,-7675,-32768,-2054,-19,12,-47,363.96838
165259532,-4601,-5748,-8112,-5369,-32768,-602,-19,12,-47,365.22873
165267532,-2827,-4245,-9835,-303,-32768,2550,-26,-7,-48,368.9508
165269532,-2827,-4245,-9835,-303,-32768,2550,-26,-7,-48,370.80063
165274532,-4150,-1412,-10331,998,-32768,3116,-26,-7,-58,372.47406
165279532,-2969,-1408,-9812,1150,-32768,3192,0,3,-58,373.70105
165284532,-1620,-2274,-8406,1203,-32768,3221,0,3,-58,374.51947
165289532,-4691,-725,-9234,1383,-32768,3405,-2,4,-49,375.16437
165294532,-5451,-2107,-8246,1366,-32768,4174,-2,4,-49,375.49332
165299532,-3591,-2505,-6448,1677,-32768,5140,-7,8,-39,375.91302
165304532,-3156,-2809,-6454,2438,-32768,5567,-7,8,-39,375.8442
165309532,-4586,-2400,-6126,3257,-32768,5406,-5,7,-39,375.78894
165314532,-3800,-3694,-7196,4019,-32768,5377,-5,7,-39,375.6753
165319532,-3524,-3137,-6673,4663,-32768,5177,-6,4,-41,375.6878
165324532,-4008,-3718,-6300,5248,-32768,4929,-6,4,-41,375.75662
165329532,-3506,-3451,-7047,5909,-32768,4587,-9,6,-41,375.7806
165334532,-3853,-3366,-6680,6481,-32768,4206,-9,6,-41,375.85464
165339532,-3042,-2994,-7631,7068,-32768,3783,-5,3,-43,375.89008
165344532,-3571,-2865,-7491,7561,-32768,3412,-5,3,-43,375.91147
165349532,-3058,-2896,-7393,7950,-32768,3046,-4,4,-43,375.90625
165354532,-3326,-2550,-7471,8330,-32768,2564,-4,4,-43,375.94016
165359532,-3683,-1132,-8815,8579,-32768,2100,4,6,-53,375.92084
165367532,-3294,-2708,-5701,8482,-32768,1173,4,6,-53,375.9219
165369532,-3294,-2708,-5701,8482,-32768,1173,5,4,-42,375.9219
165374532,-3114,-1453,-7142,8920,-32768,508,5,4,-42,375.90887
165379532,-3166,-2394,-6842,9193,-32768,-108,4,6,-44,375.9219
165384532,-4251,215,-8836,9391,-32768,-714,4,6,-44,375.93494
165389532,-3992,70,-9152,8989,-32768,-1061,10,9,-50,375.90625
165394532,-4554,1122,-9271,8526,-32768,-1304,10,9,-50,375.8171
165399532,-6998,2584,-10321,7899,-32768,-1181,18,29,-58,375.94275
165404532,-9629,4552,-12227,7088,-32768,-307,18,29,-58,376.00845
165409532,-9878,6422,-14144,5924,-32768,1549,18,37,-64,375.91928
165414532,-8053,6559,-10644,4457,-31075,4132,28,37,-64,376.3484
165419532,-10861,6486,-9722,3121,-29981,6401,28,37,-64,375.94534
165424532,-10516,5427,-12159,1871,-30324,8013,31,45,-60,375.25717
165429532,-14748,4708,-8344,1054,-29577,10004,31,45,-60,375.51627
165434532,-7509,1393,-7578,899,-28875,12338,13,41,-45,375.78894
165439532,-9172,-794,-5105,1471,-27554,13538,13,41,-45,376.3458
165444532,-14600,-2178,-1471,2506,-25843,14422,-7,53,-18,375.36404
165449532,-25335,-4133,3103,4002,-24962,14865,-7,53,-18,375.0116
165454532,-14396,2814,352,6144,-26175,8973,47,80,-2,377.81622
165459532,3289,12054,-1540,6416,-26848,-2765,47,80,-2,381.11038
165467532,-3409,5057,-1500,485,-21445,-12051,74,-18,-13,379.64468
165469532,-3409,5057,-1500,485,-21445,-12051,74,-18,-13,379.64468
165474532,-6588,-467,753,-1317,-20753,-12667,10,19,-8,377.22125
165479532,-6566,-3529,986,-1071,-20976,-11794,10,19,-8,375.22067
165484532,-5693,-3121,-317,-22,-21501,-10402,-16,21,-7,374.10556
165489532,-5027,-1014,-1406,751,-22056,-8854,-16,21,-7,374.35266
165494532,-3385,1062,-1862,980,-22498,-7309,4,11,-13,375.10233
165499532,-2118,1003,-1979,773,-22462,-6290,4,11,-13,375.7238
165504532,-2144,1096,-1550,355,-22274,-6147,9,5,-15,375.93857
165509532,-1053,2369,-3486,55,-22072,-6232,9,5,-15,376.41565
165514532,-1807,1550,-1395,-259,-21808,-6076,8,5,-12,376.55905
165519532,-2811,-670,436,-328,-21840,-5826,8,5,-12,376.29626
165524532,-1825,976,-1344,230,-21612,-5471,11,2,-15,376.01938
165529532,-562,1351,-2383,323,-21294,-5216,11,2,-15,376.01523
165534532,1202,1867,-3579,77,-20812,-5121,14,-5,-15,375.8802
165539532,-2032,2074,381,-225,-19976,-5167,14,-5,-15,376.2342
165544532,-6545,1993,3427,-179,-19430,-4690,6,23,19,376.5481
165549532,-6123,662,5809,637,-19468,-3555,6,23,19,376.55905
165554532,-3245,402,5563,2190,-19359,-2267,6,23,19,376.15808
165559532,1948,-1812,3724,3880,-18831,-1470,2,-5,19,375.99905
165567532,-19,1545,-809,6249,-16266,-1906,9,-5,0,375.59604
165569532,-19,1545,-809,6249,-16266,-1906,9,-5,0,375.59604
165574532,839,1346,-493,5954,-15395,-1917,9,-5,0,375.55954
165579532,61,2274,1752,5384,-14446,-2094,11,-4,6,375.35568
165584532,-2969,2192,5384,5162,-13425,-1885,11,-4,6,375.56058
165589532,2725,-1004,5279,5331,-13290,-1472,10,-10,24,375.66486
165594532,2351,-766,4238,6176,-12502,-1936,10,-10,24,375.8275
165599532,-1572,2799,680,6625,-11754,-2386,17,0,0,375.74307
165604532,11,2511,1478,5867,-11997,-2349,17,0,0,376.03607
165609532,3181,418,4956,4765,-12329,-2653,11,-14,15,376.24203
165614532,2714,2125,4402,4510,-11538,-3180,11,-14,15,376.41306
165619532,1812,4137,3920,4186,-10618,-3423,23,-13,16,376.64297
165624532,1881,5181,5132,3386,-9964,-3476,23,-13,16,376.7989
165629532,1812,7952,4660,2381,-9310,-3404,40,-9,17,376.9715
165634532,1354,10502,3773,631,-8722,-3074,40,-9,17,376.9892
165639532,1211,10482,2529,-1875,-8328,-2412,52,-6,5,376.78586
165644532,2041,5766,3628,-4185,-7858,-1648,52,-6,5,376.37915
165649532,1992,3002,4701,-5315,-7414,-1351,19,-10,14,375.96518
165654532,2236,1202,4361,-5611,-7260,-1326,19,-10,14,375.6513
165659532,2679,59,4188,-5470,-7014,-1413,6,-16,12,375.5392
165667532,2749,164,1700,-4529,-6101,-1949,6,-16,12,375.58353
165669532,2749,164,1700,-4529,-6101,-1949,6,-18,8,375.72272
165674532,2003,-263,1834,-4268,-5477,-2171,6,-18,8,375.69196
165679532,1917,159,956,-4023,-4997,-2327,6,-11,-3,375.76184
165684532,2061,254,426,-3972,-4594,-2444,6,-11,-3,375.79834
165689532,1794,261,1028,-4051,-3978,-2485,6,-9,1,375.8536
165694532,1782,173,1949,-3970,-3296,-2468,5,-9,1,375.9099
165699532,1705,1670,456,-3705,-2806,-2505,5,-9,1,375.81293
165704532,1755,1616,1873,-3797,-2371,-2439,14,-3,-6,376.0126
165709532,3782,-1547,4271,-3879,-2200,-2526,14,-3,-6,375.89688
165714532,2445,-256,3461,-3086,-1539,-2856,-1,-15,12,375.85776
165719532,2170,1775,1391,-2428,-1079,-2970,-1,-15,12,375.89008
165724532,3754,964,3050,-2520,-624,-2982,11,-16,7,375.86142
165729532,2972,1767,3136,-2659,238,-2979,11,-16,7,375.85098
165734532,4240,1386,3965,-2720,1109,-2720,12,-22,11,375.78424
165739532,5406,1543,4312,-2674,1914,-2828,12,-22,11,375.78894
165744532,5204,1904,4923,-2685,2892,-3042,15,-27,16,375.74985
165749532,5144,2079,5209,-2705,3746,-3225,15,-27,16,375.7415
165754532,4945,1711,5321,-2711,4629,-3337,14,-27,20,375.7999
165759532,4168,1485,4642,-2671,5444,-3451,14,-27,20,375.91824
165767532,2668,1389,4587,-2671,6663,-3444,11,-20,17,376.02304
165769532,2668,1389,4587,-2671,6663,-3444,11,-20,17,376.04388
165774532,2024,1476,4460,-2704,6892,-3439,11,-13,12,376.06372
165779532,1435,1414,4391,-2681,7012,-3409,11,-13,12,376.02045
165784532,1125,1359,4268,-2655,7018,-3305,10,-9,11,376.00583
165789532,839,1311,4027,-2622,6915,-3217,10,-9,11,376.01
165794532,688,1063,4021,-2578,6792,-3141,11,-4,11,375.95996
165799532,508,852,3933,-2475,6614,-3099,11,-4,11,375.89166
165804532,257,794,4020,-2348,6428,-3069,8,-4,10,375.86298
165809532,74,737,4136,-2181,6204,-3016,8,-4,10,375.766
165814532,43,595,4159,-1967,5912,-2950,8,-1,10,375.76443
165819532,-94,546,4336,-1729,5626,-2883,8,-1,10,375.75922
165824532,-179,515,4442,-1497,5304,-2830,8,-1,12,375.78165
165829532,-270,531,4590,-1251,4929,-2729,8,-1,12,375.88278
165834532,-287,591,4612,-984,4513,-2618,8,-1,12,375.9735
165839532,-374,659,4663,-727,4083,-2492,6,0,15,376.03973
165844532,-465,725,4761,-499,3611,-2342,6,0,15,376.0825
165849532,-485,748,4687,-291,3128,-2172,6,-1,13,376.119
165854532,-570,832,4698,-102,2603,-1993,6,-1,13,376.11636
165859532,-528,907,4706,76,2047,-1794,8,2,14,376.10437
165867532,-485,1057,4520,347,925,-1354,8,1,11,376.04495
165869532,-485,1057,4520,347,925,-1354,8,1,11,376.04495
165874532,-324,909,4382,436,371,-1118,8,1,11,376.02722
165879532,-154,1070,4201,500,-169,-885,9,1,10,376.0371
165884532,122,1246,4207,523,-683,-663,9,1,10,376.00845
165889532,-111,1272,4339,489,-1139,-484,9,-2,10,375.95996
165894532,267,1367,4177,453,-1576,-261,9,-2,10,375.96674
165899532,418,1450,4243,384,-1986,-97,11,1,7,375.95474
165904532,597,1432,4194,297,-2352,77,11,1,7,375.94797
165909532,719,1536,4238,184,-2697,208,10,-5,11,375.94275
165914532,863,1441,4372,37,-3010,338,10,-5,11,375.93494
165919532,990,1379,4328,-117,-3310,449,11,-6,12,375.93753
165924532,1053,956,4350,-268,-3573,544,11,-6,12,375.93283
165929532,1272,586,4157,-401,-3826,611,7,-7,11,375.93127
165934532,1393,319,3902,-509,-4042,645,7,-7,11,375.94797
165939532,1578,-49,3815,-614,-4174,676,5,-9,11,375.91406
165944532,1742,-365,3869,-667,-4257,661,5,-9,11,375.8708
165949532,1992,-584,3857,-652,-4317,598,3,-13,12,375.85776
165954532,2219,-742,3762,-589,-4324,530,3,-13,12,375.87915
165959532,2440,-863,3623,-502,-4257,457,2,-14,11,375.87915
165967532,2752,-994,3573,-404,-4137,353,2,-14,11,375.8802
165969532,3028,-1166,3558,-284,-3957,233,2,-14,11,375.8802
165974532,3261,-1356,3460,-136,-3733,84,0,-16,11,375.90625
165979532,3268,-1405,3241,37,-3459,-82,0,-16,11,375.9099
165984532,3258,-1249,2985,200,-3171,-229,-1,-19,9,375.89008
165989532,3120,-1091,2807,315,-2873,-319,-1,-19,9,375.89008
165994532,3181,-904,2788,355,-2620,-354,2,-16,5,375.87756
165999532,3274,-708,2762,362,-2378,-351,2,-16,5,375.86038
166004532,3282,-590,2791,313,-2146,-321,1,-14,6,375.86975
166009532,3303,-426,2760,271,-1924,-285,1,-14,6,375.8708
166014532,3384,-283,2679,224,-1704,-250,4,-17,7,375.86298
166019532,3298,-217,2684,171,-1452,-212,4,-17,7,375.88174
166024532,3270,-252,2634,150,-1216,-189,4,-19,5,375.88748
166029532,3346,-221,2692,155,-995,-174,4,-19,5,375.87497
166034532,3481,-300,2756,143,-740,-154,3,-17,5,375.88593
166039532,3401,-276,2843,130,-447,-133,3,-17,5,375.86038
166044532,3584,75,2283,111,-177,-107,5,-21,2,375.8077
166049532,3804,-370,2992,-43,113,-148,5,-21,2,375.89688
166054532,2417,-830,3887,-55,497,-46,2,-14,6,375.8927
166059532,3761,3,2597,151,534,65,2,-14,6,375.90366
166067532,2454,494,2633,40,739,15,4,-15,4,375.88593
166069532,2595,-1065,3992,-108,863,239,4,-15,4,375.88593
166074532,2593,4,2900,0,889,191,4,-15,6,375.88278
166079532,2915,-996,4043,49,1024,257,4,-15,6,375.8849
166084532,2536,-530,3623,145,992,139,4,-16,9,375.89688
166089532,2361,-293,3296,195,1007,30,4,-16,9,375.94693
166094532,1899,-352,3480,112,1044,18,5,-11,7,375.9073
166099532,1931,-373,3614,54,958,17,5,-11,7,375.91406
166104532,1807,-445,3737,29,883,30,5,-11,10,375.89166
166109532,1843,-398,3721,39,794,50,6,-11,10,375.8343
166114532,1895,-393,3731,42,690,42,6,-11,10,375.8682
166119532,1901,-398,3716,42,577,22,5,-11,9,375.88593
166124532,2322,-300,3414,-8,467,-39,5,-11,9,375.89792
166129532,1633,-500,3953,-54,454,-75,4,-9,9,375.8802
166134532,1818,-263,3478,9,370,-19,4,-9,9,375.86298
166139532,2326,-816,4198,-61,257,49,5,-12,10,375.88593
166144532,2822,77,3732,-8,185,18,5,-12,10,376.11792
166149532,1133,-87,3381,84,205,-232,3,-11,12,375.90887
166154532,1791,-991,4146,-25,232,43,3,-11,12,375.88593
166159532,2127,-652,3986,56,2,89,3,-13,12,375.864
166167532,1833,-486,3747,147,-105,58,4,-13,10,375.864
166169532,1915,-553,3676,124,-213,47,4,-13,10,375.90887
166174532,2213,-318,3340,135,-251,-26,4,-13,10,375.92764
166179532,1916,-245,3275,75,-232,-89,5,-13,7,375.92502
166184532,2171,-317,3584,28,-276,-92,5,-13,7,375.89688
166189532,2234,-438,3684,51,-342,-87,4,-13,8,375.91406
166194532,2383,-332,3481,87,-371,-76,4,-13,8,375.91302
166199532,2689,-469,3620,67,-342,-64,5,-15,6,375.93597
166204532,2210,-476,3513,69,-263,-82,5,-15,6,375.92764
166209532,2542,-586,3401,60,-220,-27,4,-14,8,375.9099
166214532,2285,-217,3363,75,-209,-26,4,-14,8,375.88852
166219532,2595,-486,3382,74,-191,10,5,-13,8,375.9099
166224532,2402,-343,3305,97,-130,-31,5,-13,8,375.88278
166229532,2609,-333,3383,77,-83,-22,4,-14,9,375.87497
166234532,2282,-513,3543,56,-22,-49,4,-14,9,375.90207
166239532,2428,-242,3347,67,-1,-7,4,-12,8,375.90207
166244532,2347,-295,3532,25,2,-12,5,-12,8,375.92502
166249532,2227,-528,3749,41,38,21,5,-12,8,375.9412
166254532,2436,-497,3544,89,15,21,3,-11,14,375.93494
166259532,2262,-251,3290,80,21,-7,3,-11,14,375.93597
166267532,2304,-616,3635,27,54,-14,2,-12,12,375.92606
166269532,2110,-441,3406,57,68,-37,2,-12,12,375.94534
166274532,2266,-310,3422,58,41,-37,3,-11,11,375.91406
166279532,2124,-564,3691,46,37,-37,3,-11,11,375.8849
166284532,2306,-331,3519,96,24,-18,3,-12,11,375.9167
166289532,2311,-351,3597,71,6,-36,3,-12,11,375.9219
166294532,2153,-398,3635,59,19,-26,5,-12,10,375.9167
166299532,2222,-283,3507,69,-22,-25,5,-12,10,375.95734
166304532,2169,-465,3551,63,-41,-2,4,-13,9,375.9438
166309532,2214,-383,3519,61,-72,-8,4,-13,9,375.93494
166314532,2313,-459,3510,61,-79,-9,4,-14,10,375.91928
166319532,2239,-442,3533,54,-73,-22,4,-14,10,375.89426
166324532,2257,-451,3511,60,-76,-32,5,-15,8,375.9219
166329532,2343,-421,3466,65,-81,-27,5,-15,8,375.91824
166334532,2295,-376,3480,72,-71,-40,3,-12,10,375.93024
166339532,2347,-398,3483,66,-53,-24,3,-12,10,375.92084
166344532,2310,-356,3497,70,-50,-33,4,-14,8,375.89426
166349532,2337,-411,3488,62,-40,-20,4,-14,8,375.90625
166354532,2349,-377,3491,61,-34,-21,4,-11,8,375.90625
166359532,2323,-404,3515,61,-15,-17,4,-11,8,375.91565
166367532,2303,-414,3477,60,-10,-19,4,-13,9,375.91565
166369532,2287,-417,3526,60,-6,-17,4,-13,9,375.91565
166374532,2284,-399,3519,65,-6,-18,4,-14,7,375.91147
166379532,2258,-422,3506,65,-6,-20,4,-14,7,375.876
166384532,2264,-413,3530,66,-10,-24,4,-14,11,375.88593
166389532,2254,-391,3544,64,-17,-24,4,-15,11,375.8536
166394532,2245,-398,3514,64,-25,-23,4,-15,11,375.8708
166399532,2295,-392,3527,63,-32,-22,4,-12,9,375.89008
166404532,2230,-407,3508,62,-39,-22,4,-12,9,375.90625
166409532,2241,-437,3506,67,-41,-23,6,-10,11,375.90887
166414532,2290,-405,3515,57,-44,-22,6,-10,11,375.9047
166419532,2290,-426,3508,64,-46,-23,6,-10,11,375.89166
166424532,2305,-398,3509,60,-46,-24,6,-10,11,375.89792
166429532,2273,-411,3503,64,-42,-25,4,-12,9,375.88852
166434532,2292,-409,3481,64,-42,-24,4,-12,9,375.89948
166439532,2318,-400,3495,66,-36,-25,4,-13,7,375.90366
166444532,2291,-394,3496,63,-32,-22,4,-13,7,375.90207
166449532,2280,-402,3498,61,-26,-19,4,-14,7,375.88748
166454532,2288,-412,3530,64,-25,-19,4,-14,7,375.91302
166459532,2283,-416,3498,61,-22,-22,4,-13,9,375.91824
166467532,2263,-393,3493,65,-23,-18,4,-13,11,375.88852
166469532,2265,-415,3539,62,-23,-21,4,-12,11,375.88852
166474532,2257,-412,3511,65,-25,-19,4,-12,11,375.88278
166479532,2245,-420,3509,63,-25,-20,4,-14,11,375.92606
166484532,2292,-406,3500,63,-29,-22,4,-14,11,375.90625
166489532,2273,-391,3525,63,-33,-22,4,-15,8,375.89792
166494532,2285,-401,3504,61,-33,-22,4,-15,8,375.90887
166499532,2283,-390,3507,61,-39,-21,4,-13,8,375.88748
166504532,2272,-398,3495,63,-37,-19,4,-13,8,375.89426
166509532,2294,-401,3532,59,-36,-21,5,-12,9,375.9219
166514532,2286,-394,3503,62,-33,-20,5,-12,9,375.89426
166519532,2270,-392,3520,63,-36,-21,5,-12,10,375.89948
166524532,2295,-407,3508,65,-33,-22,5,-12,10,375.93494
166529532,2282,-408,3474,63,-30,-25,5,-12,10,375.90887
166534532,2279,-408,3529,63,-34,-23,2,-11,11,375.90207
166539532,2290,-387,3477,61,-28,-20,2,-11,11,375.87756
166544532,2292,-402,3502,65,-24,-18,3,-13,8,375.88278
166549532,2260,-385,3520,62,-31,-20,3,-13,8,375.89948
166554532,2283,-400,3522,66,-28,-22,4,-12,9,375.87756
166559532,2274,-392,3490,62,-28,-23,4,-12,9,375.90887
166567532,2272,-390,3506,62,-29,-21,2,-11,10,375.89008
166569532,2295,-414,3539,60,-29,-24,2,-11,10,375.90625
166574532,2267,-415,3516,60,-30,-20,3,-10,10,375.92502
166579532,2276,-411,3514,62,-31,-20,3,-10,10,375.90625
166584532,2273,-416,3526,67,-33,-23,5,-14,9,375.8953
166589532,2263,-411,3496,64,-31,-22,5,-14,9,375.876
166594532,2294,-405,3502,58,-34,-25,4,-12,9,375.86716
166599532,2286,-399,3505,63,-32,-22,4,-12,9,375.88278
166604532,2272,-413,3532,63,-33,-21,3,-14,9,375.93753
166609532,2270,-390,3505,65,-36,-21,3,-14,9,375.92502
166614532,2279,-402,3512,60,-31,-20,4,-13,6,375.88748
166619532,2281,-395,3493,65,-32,-21,4,-13,6,375.87497
166624532,2261,-383,3516,63,-33,-24,4,-13,7,375.84265
166629532,2288,-395,3496,63,-35,-19,4,-13,7,375.88174
166634532,2262,-403,3501,61,-32,-22,4,-15,8,375.9167
166639532,2292,-406,3518,62,-30,-21,4,-15,8,375.8802
166644532,2255,-398,3518,59,-29,-21,5,-13,10,375.90366
166649532,2250,-400,3519,63,-33,-19,5,-13,10,375.90625
166654532,2299,-401,3486,65,-33,-21,3,-12,9,375.91147
